,July 1,July 2,July 3,July 4,July 5,July 6,July 7,July 8,July 9,July 10,July 11,July 12,July 13,July 14,July 15,July 16,July 17,July 18,July 19,July 20,July 21,July 22,July 23,July 24,July 25,July 26,July 27,July 28,July 29,July 30,July 31
12 AM,Empty Slot,Empty Slot,Empty Slot,Empty Slot,Empty Slot,Empty Slot,Empty Slot,Empty Slot,Empty Slot,Empty Slot,Empty Slot,Empty Slot,Empty Slot,Empty Slot,Empty Slot,Empty Slot,Empty Slot,Empty Slot,Empty Slot,Empty Slot,Empty Slot,Empty Slot,Empty Slot,Empty Slot,Empty Slot,Empty Slot,Empty Slot,Empty Slot,Empty Slot,Empty Slot,Empty Slot
1 AM,Empty Slot,Empty Slot,Empty Slot,Empty Slot,Empty Slot,Empty Slot,Empty Slot,Empty Slot,Empty Slot,Empty Slot,Empty Slot,Empty Slot,Empty Slot,Empty Slot,Empty Slot,Empty Slot,Empty Slot,Empty Slot,Empty Slot,Empty Slot,Empty Slot,Empty Slot,Empty Slot,Empty Slot,Empty Slot,Empty Slot,Empty Slot,Empty Slot,Empty Slot,Empty Slot,Empty Slot
2 AM,Empty Slot,Empty Slot,Empty Slot,Empty Slot,Empty Slot,Empty Slot,Empty Slot,Empty Slot,Empty Slot,Empty Slot,Empty Slot,Empty Slot,Empty Slot,Empty Slot,Empty Slot,Empty Slot,Empty Slot,Empty Slot,Empty Slot,Empty Slot,Empty Slot,Empty Slot,Empty Slot,Empty Slot,Empty Slot,Empty Slot,Empty Slot,Empty Slot,Empty Slot,Empty Slot,Empty Slot
3 AM,Empty Slot,Empty Slot,Empty Slot,Empty Slot,Empty Slot,Empty Slot,Empty Slot,Empty Slot,Empty Slot,Empty Slot,Empty Slot,Empty Slot,Empty Slot,Empty Slot,Empty Slot,Empty Slot,Empty Slot,Empty Slot,Empty Slot,Empty Slot,Empty Slot,Empty Slot,Empty Slot,Empty Slot,Empty Slot,Empty Slot,Empty Slot,Empty Slot,Empty Slot,Empty Slot,Empty Slot
4 AM,Empty Slot,Empty Slot,Empty Slot,Empty Slot,Empty Slot,Empty Slot,Empty Slot,Empty Slot,Empty Slot,Empty Slot,Empty Slot,Empty Slot,Empty Slot,Empty Slot,Empty Slot,Empty Slot,Empty Slot,Empty Slot,Empty Slot,Empty Slot,Empty Slot,Empty Slot,Empty Slot,Empty Slot,Empty Slot,Empty Slot,Empty Slot,Empty Slot,Empty Slot,Empty Slot,Empty Slot
5 AM,Empty Slot,Empty Slot,Empty Slot,Empty Slot,Empty Slot,Empty Slot,Empty Slot,Empty Slot,Empty Slot,Empty Slot,Empty Slot,Empty Slot,Empty Slot,Empty Slot,Empty Slot,Empty Slot,Empty Slot,Empty Slot,Empty Slot,Empty Slot,Empty Slot,Empty Slot,Empty Slot,Empty Slot,Empty Slot,Empty Slot,Empty Slot,Empty Slot,Empty Slot,Empty Slot,Empty Slot
6 AM,Empty Slot,Empty Slot,Empty Slot,Empty Slot,Empty Slot,Empty Slot,Empty Slot,Empty Slot,Empty Slot,Empty Slot,Empty Slot,Empty Slot,Empty Slot,Empty Slot,Empty Slot,Empty Slot,Empty Slot,Empty Slot,Empty Slot,Empty Slot,Empty Slot,Empty Slot,Empty Slot,Empty Slot,Empty Slot,Empty Slot,Empty Slot,Empty Slot,Empty Slot,Empty Slot,Empty Slot
7 AM,Empty Slot,Empty Slot,Empty Slot,Empty Slot,Empty Slot,Empty Slot,Empty Slot,Empty Slot,Empty Slot,Empty Slot,Empty Slot,Empty Slot,Empty Slot,Empty Slot,Empty Slot,Empty Slot,Empty Slot,Empty Slot,Empty Slot,Empty Slot,Empty Slot,Empty Slot,Empty Slot,Empty Slot,Empty Slot,Empty Slot,Empty Slot,Empty Slot,Empty Slot,Empty Slot,Empty Slot
8 AM,Empty Slot,Empty Slot,Empty Slot,Empty Slot,Empty Slot,Empty Slot,Empty Slot,Empty Slot,Empty Slot,Empty Slot,Empty Slot,Empty Slot,Empty Slot,Empty Slot,Empty Slot,Empty Slot,Empty Slot,Empty Slot,Empty Slot,Empty Slot,Empty Slot,Empty Slot,Empty Slot,Empty Slot,Empty Slot,Empty Slot,Empty Slot,Empty Slot,Empty Slot,Empty Slot,Empty Slot
9 AM,Empty Slot,Empty Slot,Empty Slot,Empty Slot,Empty Slot,Empty Slot,Empty Slot,Empty Slot,Empty Slot,Empty Slot,Empty Slot,Empty Slot,Empty Slot,Empty Slot,Empty Slot,Empty Slot,Empty Slot,Empty Slot,Empty Slot,Empty Slot,Empty Slot,Empty Slot,Empty Slot,Empty Slot,Empty Slot,Empty Slot,Empty Slot,Empty Slot,Empty Slot,Empty Slot,Empty Slot
10 AM,Empty Slot,Empty Slot,Empty Slot,Empty Slot,Empty Slot,Empty Slot,Empty Slot,Empty Slot,Empty Slot,Empty Slot,Empty Slot,Empty Slot,Empty Slot,Empty Slot,Empty Slot,Empty Slot,Empty Slot,Empty Slot,Empty Slot,Empty Slot,Empty Slot,Empty Slot,Empty Slot,Empty Slot,Empty Slot,Empty Slot,Empty Slot,Empty Slot,Empty Slot,Empty Slot,Empty Slot
11 AM,Empty Slot,Empty Slot,Empty Slot,Empty Slot,Empty Slot,Empty Slot,Empty Slot,Empty Slot,Empty Slot,Empty Slot,Empty Slot,Empty Slot,Empty Slot,Empty Slot,Empty Slot,Empty Slot,Empty Slot,Empty Slot,Empty Slot,Empty Slot,Empty Slot,Empty Slot,Empty Slot,Empty Slot,Empty Slot,Empty Slot,Empty Slot,Empty Slot,Empty Slot,Empty Slot,Empty Slot
12 PM,Empty Slot,Empty Slot,Empty Slot,Empty Slot,Empty Slot,Empty Slot,Empty Slot,Empty Slot,Empty Slot,Empty Slot,Empty Slot,Empty Slot,Empty Slot,Empty Slot,Empty Slot,Empty Slot,Empty Slot,Empty Slot,Empty Slot,Empty Slot,Empty Slot,Empty Slot,Empty Slot,Empty Slot,Empty Slot,Empty Slot,Empty Slot,Empty Slot,Empty Slot,Empty Slot,Empty Slot
1 PM,Empty Slot,Empty Slot,Empty Slot,Empty Slot,Empty Slot,Empty Slot,Empty Slot,Empty Slot,Empty Slot,Empty Slot,Empty Slot,Empty Slot,Empty Slot,Empty Slot,Empty Slot,Empty Slot,Empty Slot,Empty Slot,Empty Slot,Empty Slot,Empty Slot,Empty Slot,Empty Slot,Empty Slot,Empty Slot,Empty Slot,Empty Slot,Empty Slot,Empty Slot,Empty Slot,Empty Slot
2 PM,Empty Slot,Empty Slot,Empty Slot,Empty Slot,Empty Slot,Empty Slot,Empty Slot,Empty Slot,Empty Slot,Empty Slot,Empty Slot,Empty Slot,Empty Slot,Empty Slot,Empty Slot,Empty Slot,Empty Slot,Empty Slot,Empty Slot,Empty Slot,Empty Slot,Empty Slot,Empty Slot,Empty Slot,Empty Slot,Empty Slot,Empty Slot,Empty Slot,Empty Slot,Empty Slot,Empty Slot
3 PM,Empty Slot,Empty Slot,Empty Slot,Empty Slot,Empty Slot,Empty Slot,Empty Slot,Empty Slot,Empty Slot,Empty Slot,Empty Slot,Empty Slot,Empty Slot,Empty Slot,Empty Slot,Empty Slot,Empty Slot,Empty Slot,Empty Slot,Empty Slot,Empty Slot,Empty Slot,Empty Slot,Empty Slot,Empty Slot,Empty Slot,Empty Slot,Empty Slot,Empty Slot,Empty Slot,Empty Slot
4 PM,Empty Slot,Empty Slot,Empty Slot,Empty Slot,Empty Slot,Empty Slot,Empty Slot,Empty Slot,Empty Slot,Empty Slot,Empty Slot,Empty Slot,Empty Slot,Empty Slot,Empty Slot,Empty Slot,Empty Slot,Empty Slot,Empty Slot,Empty Slot,Empty Slot,Empty Slot,Empty Slot,Empty Slot,Empty Slot,Empty Slot,Empty Slot,Empty Slot,Empty Slot,Empty Slot,Empty Slot
5 PM,Empty Slot,Empty Slot,Empty Slot,Empty Slot,Empty Slot,Empty Slot,Empty Slot,Empty Slot,Empty Slot,Empty Slot,Empty Slot,Empty Slot,Empty Slot,Empty Slot,Empty Slot,Empty Slot,Empty Slot,Empty Slot,Empty Slot,Empty Slot,Empty Slot,Empty Slot,Empty Slot,Empty Slot,Empty Slot,Empty Slot,Empty Slot,Empty Slot,Empty Slot,Empty Slot,Empty Slot
6 PM,Empty Slot,Empty Slot,Empty Slot,Empty Slot,Empty Slot,Empty Slot,Empty Slot,Empty Slot,Empty Slot,Empty Slot,Empty Slot,Empty Slot,Empty Slot,Empty Slot,Empty Slot,Empty Slot,Empty Slot,Empty Slot,Empty Slot,Empty Slot,Empty Slot,Empty Slot,Empty Slot,Empty Slot,Empty Slot,Empty Slot,Empty Slot,Empty Slot,Empty Slot,Empty Slot,Empty Slot
7 PM,Empty Slot,Empty Slot,Empty Slot,Empty Slot,Empty Slot,Empty Slot,Empty Slot,Empty Slot,Empty Slot,Empty Slot,Empty Slot,Empty Slot,Empty Slot,Empty Slot,Empty Slot,Empty Slot,Empty Slot,Empty Slot,Empty Slot,Empty Slot,Empty Slot,Empty Slot,Empty Slot,Empty Slot,Empty Slot,Empty Slot,Empty Slot,Empty Slot,Empty Slot,Empty Slot,Empty Slot
8 PM,Empty Slot,Empty Slot,Empty Slot,Empty Slot,Empty Slot,Empty Slot,Empty Slot,Empty Slot,Empty Slot,Empty Slot,Empty Slot,Empty Slot,Empty Slot,Empty Slot,Empty Slot,Empty Slot,Empty Slot,Empty Slot,Empty Slot,Empty Slot,Empty Slot,Empty Slot,Empty Slot,Empty Slot,Empty Slot,Empty Slot,Empty Slot,Empty Slot,Empty Slot,Empty Slot,Empty Slot
9 PM,Empty Slot,Empty Slot,Empty Slot,Empty Slot,Empty Slot,Empty Slot,Empty Slot,Empty Slot,Empty Slot,Empty Slot,Empty Slot,Empty Slot,Empty Slot,Empty Slot,Empty Slot,Empty Slot,Empty Slot,Empty Slot,Empty Slot,Empty Slot,Empty Slot,Empty Slot,Empty Slot,Empty Slot,Empty Slot,Empty Slot,Empty Slot,Empty Slot,Empty Slot,Empty Slot,Empty Slot
10 PM,Empty Slot,Empty Slot,Empty Slot,Empty Slot,Empty Slot,Empty Slot,Empty Slot,Empty Slot,Empty Slot,Empty Slot,Empty Slot,Empty Slot,Empty Slot,Empty Slot,Empty Slot,Empty Slot,Empty Slot,Empty Slot,Empty Slot,Empty Slot,Empty Slot,Empty Slot,Empty Slot,Empty Slot,Empty Slot,Empty Slot,Empty Slot,Empty Slot,Empty Slot,Empty Slot,Empty Slot
11 PM,Empty Slot,Empty Slot,Empty Slot,Empty Slot,Empty Slot,Empty Slot,Empty Slot,Empty Slot,Empty Slot,Empty Slot,Empty Slot,Empty Slot,Empty Slot,Empty Slot,Empty Slot,Empty Slot,Empty Slot,Empty Slot,Empty Slot,Empty Slot,Empty Slot,Empty Slot,Empty Slot,Empty Slot,Empty Slot,Empty Slot,Empty Slot,Empty Slot,Empty Slot,Empty Slot,Empty Slot
